"ID","C.1","C.2","C.3","Male","Intervention","M1","M2","Outcome"
1,-0.560475646552213,-0.23017748948328,1.55870831414912,1,1,1,1,6.69293473999332
2,0.070508391424576,0.129287735160946,1.71506498688328,0,1,1,0,3.20248869806618
3,0.460916205989202,-1.26506123460653,-0.686852851893526,0,1,0,0,0.162088212198032
4,-0.445661970099958,1.22408179743946,0.359813827057364,0,1,1,0,1.920532725321
5,0.400771450594052,0.11068271594512,-0.555841134754075,0,0,0,0,1.76445937879329
6,1.78691313680308,0.497850478229239,-1.96661715662964,0,0,0,0,0.595518315440117
7,0.701355901563686,-0.472791407727934,-1.06782370598685,1,0,1,0,1.98790855620187
8,-0.217974914658295,-1.02600444830724,-0.72889122929114,0,0,0,0,1.57786082077475
9,-0.625039267849257,-1.68669331074241,0.837787044494525,1,1,0,1,2.2648353634641
10,0.153373117836515,-1.13813693701195,1.25381492106993,0,0,1,0,3.65545552279777
11,0.426464221476814,-0.295071482992271,0.895125661045022,0,0,0,1,4.27149195214324
12,0.878133487533042,0.821581081637487,0.688640254100091,1,1,0,1,4.94853362396557
13,0.553917653537589,-0.0619117105767217,-0.305962663739917,0,0,0,0,1.46353171604633
14,-0.380471001012383,-0.694706978920513,-0.207917278019599,0,0,0,0,0.216669510467831
15,-1.26539635156826,2.16895596533851,1.20796199830499,1,1,1,1,8.16311199888205
16,-1.12310858320335,-0.402884835299076,-0.466655353623219,0,0,1,0,1.05244801942104
17,0.779965118336318,-0.0833690664718293,0.253318513994755,0,1,1,0,2.70057717245946
18,-0.028546755348703,-0.0428704572913161,1.36860228401446,1,1,0,1,3.40343339165799
19,-0.225770985659268,1.51647060442954,-1.54875280423022,1,1,1,1,7.93070133958062
20,0.584613749636069,0.123854243844614,0.215941568743973,1,1,1,1,8.0980731029822
21,0.379639482759882,-0.502323453109302,-0.33320738366942,0,0,0,0,2.14105860225727
22,-1.01857538310709,-1.07179122647558,0.303528641404258,1,0,0,0,2.78266059626671
23,0.448209778629426,0.0530042267305041,0.922267467879738,1,1,0,1,3.4718582992684
24,2.05008468562714,-0.491031166056535,-2.30916887564081,0,0,0,0,1.79845839951341
25,1.00573852446226,-0.709200762582393,-0.688008616467358,1,0,0,0,-0.314802991301967
26,1.0255713696967,-0.284773007051009,-1.22071771225454,1,0,0,0,0.63520301240769
27,0.18130347974915,-0.138891362439045,0.00576418589988693,0,1,0,0,2.15623923349668
28,0.38528040112633,-0.370660031792409,0.644376548518833,0,0,0,1,1.4089670401591
29,-0.220486561818751,0.331781963915697,1.09683901314935,1,0,0,0,1.81578776772267
30,0.435181490833803,-0.325931585531227,1.14880761845109,0,0,0,0,0.380865520376555
31,0.993503855962119,0.54839695950807,0.238731735111441,0,1,1,1,4.22781083848988
32,-0.627906076039371,1.36065244853001,-0.600259587147127,1,0,0,0,1.18882801936479
33,2.18733299301658,1.53261062618519,-0.235700359100477,1,1,1,1,7.36678171156715
34,-1.02642090030678,-0.710406563699301,0.25688370915653,0,1,0,1,-0.0767775736883558
35,-0.246691878462374,-0.347542599397733,-0.951618567265016,1,1,0,0,2.29743308031509
36,-0.0450277248089203,-0.784904469457076,-1.66794193658814,0,0,0,0,0.916358459821722
37,-0.380226520287762,0.918996609060766,-0.575346962608392,0,1,0,0,1.32853573643111
38,0.607964322225033,-1.61788270828916,-0.0555619655245394,0,0,0,0,0.273003624827426
39,0.519407203943462,0.301153362166714,0.105676194148943,1,1,0,0,3.5073164931803
40,-0.640706008305376,-0.849704346033582,-1.02412879060491,1,0,0,0,1.71526761404355
41,0.117646597100126,-0.947474614184802,-0.490557443700668,0,0,0,0,-1.66891802073176
42,-0.256092192198247,1.84386200523221,-0.651949901695459,1,0,0,0,2.53383053117419
43,0.235386572284857,0.0779608495637108,-0.961856634130129,0,0,0,0,-0.924558815423152
44,-0.0713080861235987,1.44455085842335,0.451504053079215,1,1,1,1,7.263475431892
45,0.0412329219929399,-0.422496832339625,-2.05324722154052,0,1,1,0,0.54645364795275
46,1.13133721341418,-1.46064007092482,0.739947510877334,0,0,0,0,0.461717153029382
47,1.90910356921748,-1.4438931609718,0.701784335374711,1,0,0,0,2.77783172633626
48,-0.262197489402468,-1.57214415914549,-1.51466765378175,0,1,0,0,0.985652142555236
49,-1.60153617357459,-0.530906522170303,-1.4617555849959,0,0,0,0,0.690210917706951
50,0.687916772975828,2.10010894052567,-1.28703047603518,0,0,1,0,0.257640307143
51,0.787738847475178,0.76904224100091,0.332202578950118,1,0,0,0,1.81871493161675
52,-1.00837660827701,-0.119452606630659,-0.280395335170247,0,0,0,0,1.31391457171807
53,0.56298953322048,-0.372438756103829,0.976973386685621,0,0,0,0,2.12201348295716
54,-0.374580857767014,1.05271146557933,-1.04917700666607,0,1,0,0,0.143784152460423
55,-1.26015524475811,3.2410399349424,-0.416857588160432,1,1,1,1,8.4872701439084
56,0.298227591540715,0.636569674033849,-0.483780625708744,0,0,0,0,-0.294355391722916
57,0.516862044313609,0.368964527385086,-0.215380507641693,1,1,0,0,4.2886593163242
58,0.0652930335253153,-0.034067253738464,2.12845189901618,0,1,0,0,0.884284319685718
59,-0.741336096272828,-1.09599626707466,0.0377883991710788,1,0,0,0,1.56263412352956
60,0.310480749443137,0.436523478910183,-0.458365332711106,0,1,0,0,1.58245296429608
61,-1.06332613397119,1.26318517608949,-0.349650387953555,1,1,1,1,6.10290511921423
62,-0.865512862653374,-0.236279568941097,-0.197175894348552,0,0,0,0,1.85380050832583
63,1.10992028971364,0.0847372921971965,0.754053785184521,1,1,1,1,7.66912195116257
64,-0.499292017172261,0.214445309581601,-0.324685911490835,0,1,0,0,1.88211213777088
65,0.0945835281735714,-0.895363357977542,-1.31080153332797,0,0,0,0,0.746028139023737
66,1.99721338474797,0.600708823672418,-1.25127136162494,0,0,0,1,3.16961753594914
67,-0.611165916680421,-1.18548008459731,2.19881034888372,1,1,0,1,3.91160720283546
68,1.31241297643351,-0.265145056696353,0.54319405923209,0,0,0,1,3.47086675975342
69,-0.41433994791886,-0.476246894615578,-0.788602837850243,1,0,0,0,0.472340907843244
70,-0.594617267459511,1.65090746733669,-0.0540281250854405,1,0,0,1,2.95140093129923
71,0.119245236427584,0.243687429599092,1.23247587848534,0,0,0,0,1.73531571798523
72,-0.51606383094478,-0.992507150392037,1.67569693240319,0,0,0,1,2.88123027583725
73,-0.441163216905286,-0.723065969939874,-1.23627311888329,0,0,0,0,-0.157811128532247
74,-1.2847157223178,-0.573973479297987,0.617985817166529,0,1,0,0,1.10026178711361
75,1.10984813892972,0.707588353835588,-0.363657297095253,1,0,1,1,3.94490983144747
76,0.0597499373846007,-0.70459646368007,-0.71721816157401,1,1,1,0,4.40407090255062
77,0.88465049897692,-1.01559257860354,1.95529396549246,1,1,0,0,2.17125110369251
78,-0.0903195939658516,0.214538826629216,-0.738527704739573,1,0,1,0,3.7948751461051
79,-0.57438868976327,-1.31701613230524,-0.182925388372727,1,0,0,0,1.52653726620631
80,0.418982404924464,0.32430434416138,-0.781536487054751,1,0,0,0,1.17773911972416
81,-0.788621970854002,-0.502198718342861,1.49606066984635,0,0,0,0,2.25208953004912
82,-1.13730362066574,-0.179051594380198,1.90236182167893,1,1,1,1,7.24644412063128
83,-0.100974885328808,-1.35984070382139,-0.664769435274062,0,0,0,0,1.08796702097921
84,0.485459978904878,-0.375602871669773,-0.561876363549783,0,1,1,1,4.62711982158925
85,-0.343917234128459,0.0904966471392212,1.59850877114583,1,0,0,1,2.92380929396091
86,-0.088565112138884,1.08079949615152,0.630754115650567,1,1,0,1,3.56614703148562
87,-0.113639895506141,-1.5329020028906,-0.52111731755252,1,0,0,0,-0.53554761349284
88,-0.489870453138474,0.0471544327615272,1.30019867766682,1,0,0,0,-0.289861758651099
89,2.29307897383109,1.54758105898377,-0.133150964328944,1,1,1,1,7.57272787143187
90,-1.75652739555764,-0.388779864071743,0.0892072230732945,0,0,0,0,1.22303524717455
91,0.845013004067436,0.962527968484271,0.684309429416465,0,1,0,0,1.51815720535328
92,-1.39527434979947,0.849643045633355,-0.446557216427222,1,1,0,0,0.974788968677894
93,0.174802700161256,0.0745511771737346,0.428166764970505,1,1,1,1,9.50797582318552
94,0.0246749828261399,-1.66747509758566,0.736495964773442,0,0,0,0,1.4993536542827
95,0.386026568349676,-0.265651625278222,0.118144511046681,0,1,0,0,3.19995267160206
96,0.134038645368463,0.221019468561002,1.64084616597749,1,0,0,0,2.85933411836676
97,-0.219050378933476,0.168065383884658,1.16838387306909,1,0,0,0,0.838478866559021
98,1.05418102337692,1.14526311038036,-0.577468001059557,1,0,1,0,2.15076368581265
99,2.00248273029283,0.066700870930183,1.86685184470686,1,1,1,1,6.63944330362508
100,-1.35090268603071,0.0209835863542375,1.24991457096922,0,1,0,0,1.92258389663995
101,-0.715242187222796,-0.752688968217742,-0.938538703606894,0,0,0,0,2.0855562331639
102,-1.05251327933874,-0.437159533180399,0.331179172958982,1,1,0,1,2.62046806897164
103,-2.01421049792072,0.211980433372292,1.23667504641657,0,0,0,0,-0.328659593375073
104,2.03757401824044,1.30117599220059,0.756774763795962,1,1,0,1,5.59846524823732
105,-1.72673039911433,-0.601506708006782,-0.352046456582617,0,0,0,0,-1.11580866034242
106,0.703523902756894,-0.105671334003774,-1.25864862806017,0,1,0,0,2.97385306698109
107,1.68443570809411,0.911391291795963,0.237430272491026,0,0,1,1,5.20567136368523
108,1.21810861032581,-1.33877428723497,0.6608202977898,1,0,0,0,-0.394112808773583
109,-0.522912376313422,0.683745521850712,-0.0608219546600742,0,0,0,0,1.37728207786364
110,0.632960713031451,1.33551761505939,0.0072900903168988,1,1,0,1,4.34697711494669
111,1.01755863695209,-1.18843403514798,-0.721604440436015,0,1,0,1,-0.46797809195757
112,1.51921771138818,0.377387973023929,-2.05222282043373,0,1,0,0,1.12334492021523
113,-1.36403745208238,-0.200781015589121,0.865779404334488,1,1,0,1,3.05642934567803
114,-0.101883255715222,0.624187472020653,0.959005377787825,0,1,0,1,1.64393390205426
115,1.67105482886294,0.0560167332749619,-0.051981906180899,1,1,0,0,3.01327825366334
116,-1.75323735914227,0.0993275940878275,-0.571850057895563,1,0,0,0,1.5531952757234
117,-0.974009582804091,-0.17990623104754,1.01494317274366,0,1,0,0,2.89593360596104
118,-1.99274848868858,-0.427279287205429,0.116637283582706,1,0,0,0,-1.94756141804889
119,-0.893207570054953,0.333902942499225,0.411429920615731,1,0,0,0,1.9105455381229
120,-0.0330361592759917,-2.46589819376003,2.57145814586664,0,0,1,1,3.06386570174025
121,-0.2052992574682,0.65119328158767,0.273766491036548,1,0,1,0,3.51725114864165
122,1.02467323481835,0.817659446374088,-0.209793171228509,1,0,1,0,2.91090860618119
123,0.378167772208507,-0.945408831123893,0.856923010899318,0,1,0,1,3.70973202570952
124,-0.461038338884354,2.41677335378821,-1.65104889568819,0,1,0,0,-0.214631418319973
125,-0.463987242966015,0.825379862759242,0.510132546878663,1,0,1,1,4.88951024930686
126,-0.589481038515,-0.996780742207522,0.144475704710697,1,1,1,1,7.17276617053712
127,-0.0143074131669134,-1.79028123726406,0.034551067133851,1,0,0,0,1.85206981002124
128,0.190230315692457,0.174726396981842,-1.05501704260268,0,0,0,1,1.61452931073542
129,0.476133278302629,1.37857013695924,0.456236403179813,1,1,1,1,8.8607586985234
130,-1.13558847037434,-0.435645469691905,0.346103619553607,1,0,0,0,0.481091656727882
131,-0.647045631318269,-2.15764633501528,0.884250820028209,0,0,0,0,0.141338901114254
132,-0.829477611624518,-0.573560270768283,1.50390060900454,0,1,0,0,1.24793289276577
133,-0.774144929605405,0.845731540189296,-1.26068287881878,1,0,0,0,-0.135142181138748
134,-0.354542403073978,-0.0735560191364783,-1.16865142442436,0,1,1,0,1.38638423915193
135,-0.634748264908909,-0.0288415529283144,0.67069596873393,0,0,0,0,2.11159281212876
136,-1.65054654342511,-0.349754239211268,0.756406438545484,0,0,0,0,2.37368547328425
137,-0.538809159977592,0.227291921672942,0.492228570064431,1,0,0,0,2.35466296184029
138,0.267835015331683,0.653257679471382,-0.12270866097738,1,1,1,1,6.95365892198989
139,-0.41367651359212,-2.64314895202898,-0.092941018479472,0,0,0,0,0.614170688369681
140,0.430284696359987,0.53539884086815,-0.555278351313252,0,0,1,0,2.19025903834716
141,1.77950290977515,0.286424419628825,0.126315858458886,0,1,1,0,1.43117300619142
142,1.27226677946852,-0.718466221319259,-0.450338623924712,1,1,0,1,4.08054300294169
143,2.39745248004976,0.011129187220888,1.63356842140831,1,0,1,1,4.27955890968249
144,-1.43850664491452,-0.190516802042901,0.378423903636832,0,0,0,0,-0.340266778096642
145,0.300038545205798,-1.00563625951084,0.0192592746253708,0,1,0,0,1.77203552069642
146,-1.07742065311198,0.712703325244282,1.08477508986065,1,0,0,0,0.653077923247918
147,-2.22498769648741,1.23569346230014,-1.24104449680849,0,0,0,0,0.357232347954671
148,0.454769268982633,0.659902638142608,-0.199889828101433,0,1,0,1,1.43083591444815
149,-0.645113956859792,0.16532102124205,0.438818700714454,0,1,0,0,1.24678230839616
150,0.883302819948705,-2.05233698390195,-1.63637926805902,0,1,0,1,2.06503703925345
151,1.43040234118818,1.04662884711155,0.435288948907682,0,0,0,0,2.15375983457064
152,0.71517840711106,0.917174917641003,-2.66092279846568,1,0,0,0,-0.105253103509871
153,1.11027709663882,-0.484987596562325,0.230616830631202,0,1,1,1,5.64942872381006
154,-0.295157800883577,0.871964954078744,-0.348472448955611,1,0,1,1,5.74402890507459
155,0.518503765888248,-0.390684978638979,-1.09278720910151,0,1,0,0,1.35713692767052
156,1.21001051044026,0.740900011274274,1.72426223915645,1,1,1,1,8.17927316012066
157,0.0651539325793032,1.12500274582817,1.97541905401908,1,1,1,0,4.58518715588403
158,-0.281482115038967,-1.32295111275522,-0.239351567138116,0,1,0,0,1.04526313220483
159,-0.214041239985383,0.15168050450932,1.71230497731928,1,0,0,1,2.94536233710722
160,-0.326143892505348,0.373004655804915,-0.227684064895531,1,0,1,0,2.29639029951972
161,0.0204507085250325,0.314057663506262,1.32821469603699,1,1,1,0,4.8256193517105
162,0.121318377490778,0.712842320031113,0.778860029783535,1,0,0,1,2.22491385715957
163,0.914773270855634,-0.574394552184383,1.62688121419468,0,1,0,0,2.76923762243216
164,-0.380956739294013,-0.105784167649752,1.40405026771417,1,0,0,0,1.36743379693733
165,1.29408390614558,-1.08999187241124,-0.873071000417463,0,0,0,0,-0.905282261038265
166,-1.35807905937061,0.181847192619832,0.164840867918466,1,0,0,0,0.87412572809455
167,0.364114687355063,0.552157714218558,-0.601892845985016,0,1,0,0,1.7173178583571
168,-0.993698591098714,1.0267850560749,0.751061302606323,1,1,1,0,5.20537244410562
169,-1.5091665373287,-0.0951474508492868,-0.895947822756499,0,0,0,0,0.501134895535484
170,-2.07075107054196,0.150120131188143,-0.0792117092585882,0,1,1,0,-0.187247612331059
171,-0.097369267513081,0.216152541801233,0.882465164396587,0,0,0,0,1.22871772305182
172,0.205597504483387,-0.616435842873528,-0.734799251921281,0,0,0,0,-0.455384274919013
173,-0.131802793041181,0.310016986578952,-1.03968035270204,0,0,0,0,-0.168735392870445
174,-0.184308868842384,0.967267260167914,-0.108280091234486,0,0,0,0,0.125235602959789
175,-0.69842066759439,-0.27594516842554,1.11464854536198,1,0,0,0,0.432141242903104
176,0.550043961214136,1.23667580008161,0.139097857161771,1,1,0,1,5.36775500127047
177,0.410275096490425,-0.558456912348133,0.605370668930333,0,0,0,0,0.270701635858713
178,-0.506333542189239,-1.42056550469574,0.127992965684126,0,0,0,0,0.158689597776747
179,1.94585121773144,0.800914339573062,1.16525338994626,1,1,1,1,8.25892749093224
180,0.358855723093152,-0.608557178316224,-0.202240855110284,1,0,0,0,1.98932225279782
181,-0.273248106811925,-0.468699779782087,0.704167283929716,0,1,1,0,1.52484699034619
182,-1.19736350236541,0.866366132112773,0.864152486225893,0,0,0,0,0.292993244316803
183,-1.19862235906875,0.639491997900534,2.43022665234451,1,1,1,1,7.09977412773795
184,-0.557215481941608,0.844904241408072,-0.782201845619403,0,1,1,0,0.917704813126506
185,1.1107114182028,0.249824719926562,1.65191539162316,1,1,1,1,8.7936379894148
186,-1.45897072853692,-0.0512978861253612,-0.526925176125598,0,0,0,1,-0.637488514053162
187,-0.197264869076299,-0.629578742686005,-0.833843580535001,0,1,0,0,0.300966977511096
188,0.57872237461645,-1.08758071407693,1.48403093155628,1,0,0,1,0.976915198478215
189,-1.18620658531375,0.10107915139528,0.532989286826481,1,1,0,1,1.71975337282338
190,0.586735339092625,-0.30174666386638,0.079501995328401,0,1,0,0,1.31016078873173
191,0.961264151809677,-1.45646591707643,-0.781739711532082,0,0,0,0,2.25270286678166
192,0.32040231431661,-0.444781978336992,1.370003993971,0,1,0,0,3.11317042241954
193,0.673253863354836,0.0721667524147558,-1.50775731753668,0,0,0,0,0.266760122957816
194,0.0261002253262418,-0.316415868196993,-0.102346513520598,1,0,0,0,0.415242364093485
195,-1.18155922705569,0.498658043829925,-1.03895644030703,1,0,0,0,0.276754627148856
196,-0.22622198144241,0.381425829451352,-0.783515789013048,1,0,0,0,1.76961541066785
197,0.582991405680064,-1.31651040165169,-2.80977467896054,0,0,0,0,-2.35400151511936
198,0.464967990785852,0.840539826961,-0.285845423591384,1,0,1,0,2.67570391716547
199,0.504126254591608,-1.15591652508367,-0.127148606825662,1,0,0,0,0.620283590992466
200,-1.94151837604062,1.18118089143852,1.85991086154316,1,1,1,1,6.70193358485782
201,1.07401226028199,-0.0273469664137418,-0.0333303422759193,1,1,1,1,5.42046855225357
202,-1.5160676231511,0.790385343888228,-0.210734180691776,0,0,0,0,0.584784496246217
203,-0.656742925361075,-1.41202579265831,-0.299762496646272,1,1,0,1,1.62132354726188
204,-0.849061135016708,-0.397030520327837,-1.2175999877636,0,0,0,0,0.433793927848868
205,1.6875894829457,-0.0160025272079689,1.07494507727239,1,0,1,1,3.91924155530571
206,-2.60169967025765,-0.453197829994837,-0.675482291592071,0,0,0,0,0.212181444537971
207,-1.22292617936591,1.5466091542241,-1.41528191976949,0,0,0,0,1.21691513488491
208,0.318390260408025,0.846436285579692,0.178190188418023,0,1,1,1,3.99656890410716
209,-0.875255477495516,0.941165806724167,0.170588081840838,1,0,0,1,1.2304841961562
210,-1.06349790638204,-1.38804904760206,2.08671743449315,1,0,0,1,1.50667941039165
211,-0.678503145418437,-1.85557165391804,0.533259362753652,0,0,0,0,-0.114789435877505
212,0.310230256060895,-1.3538343357226,-1.94295641358195,0,0,0,0,-1.16109105723628
213,-0.116302517158606,1.13939629170942,0.636124035182149,0,0,0,1,1.59039416729793
214,-0.492937424161977,-0.834188231584378,0.271066756750545,1,1,0,0,1.97045291650303
215,0.157353347216158,0.629711746692728,-0.395797950288896,0,0,0,0,0.866656683250248
216,0.8993540532031,-0.830811527336248,-0.330544700119963,0,0,0,0,1.27095627269902
217,0.740814523725905,0.989971608627113,-1.93850470145338,1,1,0,1,5.0454284390538
218,0.107190407016153,0.60877901173463,-1.45082431349063,0,1,0,0,1.36935248184019
219,0.480625599875217,-0.828174270396797,1.02025301216443,0,1,0,0,2.82620823840932
220,0.538482032102641,0.76905229499561,0.120719329287034,1,1,1,0,3.47144126175871
221,0.863648434157753,1.38051452831454,1.96624801545563,0,0,0,1,4.29214492598615
222,-0.028395054749065,-2.2490510903324,0.0315260045939917,0,0,0,0,1.09120589720102
223,0.205561208449975,-0.155345347144399,0.568288620777075,0,1,0,1,1.14659292139848
224,1.01067796451426,-0.517982430167822,-0.29409532715611,0,0,0,0,1.44657936884754
225,0.397842208800339,-0.550223741489138,0.0912673834882354,1,0,0,1,0.94864162023057
226,-1.9617075988853,-1.11989972139762,-1.32775547560413,0,0,0,0,0.961267180785514
227,-0.853623696727242,-0.693304527930666,0.38230514254637,0,0,0,0,0.199836216995745
228,0.982113002522641,-0.727383529087535,-0.996838982378005,1,0,0,0,0.79794908208885
229,-1.04168885898951,-0.414588726363674,-0.239029068152564,0,0,0,0,-0.0586185809378854
230,0.483617533838269,-0.32132484216839,-2.07848926886002,0,0,0,0,-0.280652872849255
231,-0.0914342755501383,1.18718681065156,1.19160126851033,1,0,0,0,3.41360756854364
232,-0.78896321811123,-1.54777654363757,2.45806049186527,1,0,0,1,3.21893266286481
233,-0.162421942479419,-0.0974512501056172,0.420574188698147,1,1,1,0,4.51114691216353
234,-1.61403945661912,-0.728219111191288,-1.54044240529001,0,0,0,0,0.205421627788226
235,-0.693094614010595,0.118849433004561,-1.36470945798691,1,0,0,0,1.50277037674413
236,0.589982679367313,0.289344028817336,-0.904215025620639,1,1,1,1,7.8561475799527
237,0.226324942381064,0.748081162493843,1.06109525326174,0,0,0,1,4.05867253888996
238,-0.212848278646528,-0.0936367939110456,-0.0867141349819251,1,0,0,1,2.9621177625367
239,1.44146175605504,1.12507189227799,0.834401567757039,1,0,0,0,1.75428322656752
240,-0.287340799840693,0.373241434166406,0.403290331220696,0,1,0,0,1.09449348203416
241,-1.04167329428932,-1.72830451532074,0.641830027651616,0,1,0,0,0.256059125001424
242,-1.52931053118042,0.00168368848420991,0.250247821348331,0,0,0,0,0.350630806707564
243,0.563867390305883,0.189426237514811,-0.732853806297125,0,0,0,0,0.767886543541939
244,0.986365859895462,1.73863376690625,0.881178808925443,0,1,0,1,4.22924676172624
245,-1.94365090132398,1.39957618540294,-0.056055946186268,1,1,1,1,4.73744707171652
246,0.52491427931929,0.62203323587106,-0.0966860732067051,0,0,0,0,0.532999769431897
247,-0.0752631976487263,1.0191570693309,0.711601922486244,0,1,1,1,4.4372993938559
248,0.990262246044231,2.38292669523033,0.664415863694087,1,1,1,1,6.81957747726577
249,0.207381157385307,-2.21063311057562,2.69171400324612,1,0,1,0,3.9730454044909
250,-0.482676821796308,2.37473471509539,0.374643568004988,0,1,1,1,4.47290155420554
251,1.53843019889679,-0.109710321176239,0.511470754698125,1,0,1,1,3.51692168312606
252,0.213957979642262,-0.186120699373496,-0.120393824622494,0,0,0,1,1.08768994069558
253,1.01283433584425,-0.2014581469715,-2.0376824944408,1,1,0,1,4.39818473646476
254,-0.195889248829828,0.539790605536274,0.61645571635144,1,1,0,0,4.48375171030711
255,0.616567817477434,-1.69210152086908,0.368742058011194,1,0,0,1,1.9176880796878
256,0.967859209947064,1.27657868146766,-0.224961271044116,1,1,0,1,4.35859750758833
257,-0.321892586182801,1.48783783187804,-1.66792804577932,0,1,0,0,0.139218173492527
258,-0.436829976913125,0.457462079357455,-1.61777376538123,1,0,0,0,2.15951297792679
259,0.279627862431757,1.87786402105219,-0.00406065343634058,0,0,1,0,3.20417878787171
260,-0.278454024963586,0.474911714034054,-0.279072170787307,0,0,0,0,-1.34772662256201
261,0.813400374079065,0.904435464449695,0.00269166123012091,1,1,1,1,6.93948909884434
262,-1.17669215774973,-1.31822072745909,-0.592997365655317,0,1,0,0,0.275404782723408
263,0.797380500549836,-1.95820517465693,-1.88632515873255,0,0,0,0,-0.78952408976618
264,-0.653779824760103,0.394394847980585,-0.913566048164992,1,1,1,0,3.26449600179245
265,0.886749037096059,0.333369970155182,-0.17063961823861,1,0,0,0,0.301229571217525
266,0.81882813653178,0.388365162819368,-0.445935027212156,0,0,1,0,2.52953047822425
267,0.23111493441816,0.647513357977592,0.356283344862047,0,1,1,1,4.81177940057654
268,-0.658010207949479,0.855202205064192,1.15293622555862,1,0,0,1,3.31288220156323
269,0.276274556543337,0.144104662462187,-0.075625080779838,1,0,0,0,1.69354550479327
270,2.16141584630279,0.276315532135793,-0.158294028699944,1,1,0,1,5.90381172530062
271,-2.50791780219725,-1.56528176503053,-0.0776732006105648,0,0,0,0,-0.314301244772027
272,0.206294044843098,0.276872458861614,0.821506780448618,1,0,1,0,0.338430447743044
273,-0.194152409320457,1.21458879448256,-0.921516042869578,0,0,0,1,2.04777847405225
274,-1.20844272044307,-1.22898617755381,0.742297024186518,0,0,0,0,1.27080583495884
275,-0.082919942339226,0.789817921820499,-0.267706421557085,0,1,0,0,0.896970618353449
276,-0.591892102212813,-0.368352575126506,-1.85261682424173,1,1,0,0,3.17190152475018
277,-1.16961526041411,-1.44203464635845,1.05432227197535,0,1,0,0,1.94653963322151
278,-0.5973300913628,0.78945985279018,1.51649060169196,1,1,1,1,8.11955242688874
279,-0.191774809109942,0.283878906352351,-1.75106751939608,1,0,0,0,0.898819259362482
280,-0.818669777519803,0.0562148493828386,0.299086903336152,0,1,0,0,0.544887126600773
281,-0.759398117298882,2.6848589992268,-0.458390139092389,1,1,0,1,3.95110362309619
282,0.0642435566300379,0.649791867153518,-0.0260186347739953,1,1,0,1,4.42302307865858
283,-0.643567387027114,1.04530566396331,1.6155453232072,1,0,0,0,2.6188751142293
284,-0.0296939710498354,0.562267345403066,-0.0974124985026302,0,1,0,0,1.0011902731407
285,1.01645521770216,-1.15616739425985,2.32086022399448,0,0,0,1,1.75946627188232
286,-0.603531247788338,-1.45884941443809,-0.35091782719307,0,0,0,0,2.93597591463215
287,0.146708484145002,1.62362120768023,0.91120967677132,0,1,0,1,3.31816760160208
288,0.142458432045787,-1.38948352398816,-0.866037744672114,0,0,0,0,-0.376098419677305
289,-0.163284932229294,2.55302611346059,-1.86022757421841,0,0,0,0,2.04938189837244
290,1.13105465184602,-0.527234257233921,1.66599089998742,1,1,1,1,7.76923173297999
291,-1.1392006399734,0.143623234662747,-1.09955094170275,0,0,0,0,1.35830430797076
292,0.903516426361675,1.48377948873809,1.95072100640115,1,1,1,1,8.22180702496287
293,0.797600657589519,1.84326625457782,1.24642390866165,1,1,1,1,8.01079560112325
294,-0.131874911824015,0.4770372382847,-0.971994211475933,0,1,0,0,1.15044775017642
295,-0.185202169400994,1.22096370834882,0.54128414348235,1,1,1,0,4.56541893200619
296,0.45735733162533,-1.03813103968721,-0.604513230334117,0,1,0,0,0.324876051746465
297,-0.764606013753569,0.395295870013499,-0.990507630466559,1,0,0,1,1.24057227171301
298,0.562041390099052,-1.11641641193354,1.82853045813536,1,0,0,0,1.30013061080761
299,0.460591349478104,-0.70100361225327,0.241045932501223,1,0,0,0,1.37144312449536
300,-0.352453199227956,0.371147959759657,0.2435327187603,0,1,0,0,0.941259391657137
301,-1.01411417266147,-0.79131387881947,0.299593684739564,0,1,0,0,1.18026976176899
302,1.63905190875156,1.08461700867092,-0.624567473618094,1,1,0,1,3.16763793939946
303,0.825922901647494,-0.0485683527562885,0.301313651718405,1,1,0,1,2.61023908930567
304,0.260361490736558,2.57544976372339,-1.18528881058722,1,1,0,1,6.06107867079693
305,0.100919859012857,-1.77997728796762,0.589835922958758,1,0,0,0,1.35431978006414
306,1.0966084717214,1.44566224110115,-1.92514525183712,1,0,0,0,0.940965314746354
307,0.41276949719403,1.59336995138365,-0.414015863042303,0,0,1,0,2.07605180809342
308,-0.212150532081949,-0.0365372222047413,0.365018751433036,0,1,0,0,2.01113093279452
309,0.665159875745969,1.31782088371148,-0.0954875904449924,1,1,1,1,7.41173548906848
310,0.196278045472469,2.48799787722146,0.431098928114991,1,1,1,1,8.08873395805688
311,0.188753109329833,-1.34224312528345,0.00285604762222659,0,0,0,0,0.477984796860616
312,-0.221326153166881,-0.0110458298093738,-0.575417641271167,1,1,1,1,6.51798169092962
313,-0.686815652442701,-0.720773631820122,-0.214504515399774,0,1,0,0,1.43947861332761
314,1.36813264802863,1.04908662655933,-0.359975117943056,0,1,0,0,1.80150833640737
315,-1.68591645453874,-0.844583428535954,-0.457760533240508,0,0,0,0,1.63361732443508
316,0.103638004228304,-0.662607275700815,2.00668069083189,1,1,0,0,1.59832125687428
317,-0.272267534418351,-1.21394447023951,-0.141261757282513,1,0,0,0,0.700778397621006
318,-1.00537758159341,0.156155707275326,0.233633614089869,0,0,0,0,0.6533613315781
319,0.355587611628384,-1.62185825912421,0.220711290970649,0,1,0,0,-0.108656513483797
320,0.310450080541646,-1.42110844750449,0.955365639730411,1,0,0,0,2.16313421680796
321,0.784170879094338,2.29961936115445,0.156702987375728,0,0,0,0,1.61719656468547
322,0.0467335275180007,0.0965858340824363,0.0697662309003006,1,0,0,0,-0.13791060344572
323,-1.84847277533767,-1.67112705864224,-0.0775389667912034,0,0,0,0,-0.396485315696848
324,-0.581067380566498,0.0547365250574253,-2.11120837326053,0,0,0,0,-0.695105261531215
325,-1.49869825452676,-1.10148343893874,0.986058221060247,1,1,0,0,3.0781595317768
326,-1.09849000709012,-0.799513953576531,0.0798738186740527,0,1,0,0,3.33635819791843
327,-0.322746361825109,0.146417178667962,2.30506198204569,1,1,1,0,3.60228330528841
328,-1.12460367125824,-0.305469639909805,-0.516759449743733,1,0,0,0,0.67244495247597
329,1.51239542683245,-0.769484922890278,-0.0820869037757183,1,1,1,1,7.62749968340149
330,0.787133614322708,-1.0585905359484,1.65517581574201,1,1,1,1,10.2183683699063
331,0.675762415474246,-1.07420660953035,0.454577809057738,1,0,0,0,-1.11645160577909
332,-0.213307143233068,0.313228771994335,-0.0899751970156634,1,1,0,1,3.28826835405536
333,1.07051603677834,-1.35110038570333,-0.522616697195916,1,1,1,1,5.81760402889973
334,-0.249190677755399,-0.995798724851333,-1.03995504376619,0,0,0,0,0.261446083073037
335,-0.0179802405766626,-0.132175132856735,-2.54934277475043,1,0,0,0,0.320474645966608
336,1.04057345571938,0.24972573598519,2.41620737314833,1,0,0,0,1.2989912577811
337,0.685198238051097,-0.446959308961992,2.7973911469581,1,1,1,1,9.71294323798199
338,2.83222602391551,-1.21871181629018,0.469031955955424,1,1,1,1,7.92273681586977
339,-0.21124691863215,0.187051146554012,0.227542728568814,0,0,0,0,3.43905513596105
340,-1.26190046286905,0.285589580242562,1.7492473631418,0,1,0,0,2.19645047749052
341,-0.164090004134803,-0.162926710698454,1.39857200633747,1,1,1,1,6.17429489708927
342,0.898396240682948,-1.64849481838129,0.228556973262187,1,0,1,0,1.32988853687046
343,1.65354723467773,1.41527634991914,0.41995160381423,0,0,0,0,2.05315226711314
344,0.721220807112894,-1.19693521218868,0.300131566881373,0,0,0,0,0.382839542726451
345,-0.954448935187822,-0.458018068096944,0.935603683779603,0,0,0,0,1.24765980923864
346,-1.13689311169114,0.266918250873058,0.428332039471543,1,1,0,0,3.03381830492765
347,0.0549119698396297,1.82218882183542,-1.02234732857525,1,1,1,1,7.81225096140052
348,0.6061302614356,-0.0889305674506674,-0.260832243833924,0,1,0,0,1.12271267040474
349,0.464091233852381,-1.02040059068393,-1.31345091651841,1,0,0,1,1.13836995885352
350,-0.494480875483423,1.75175714975545,0.0557647746125201,1,0,0,0,0.204284215091182
351,0.331434398227886,-0.18984663767754,0.470492731953825,0,0,0,0,1.4777602574924
352,-0.951679543017146,1.15791046656864,0.584705260241351,1,1,1,1,8.29919438137541
353,-0.806452822691705,0.0545532458119923,0.716331619499123,1,1,1,1,7.11237735320244
354,0.557730982054603,1.48193401587688,-0.61298775489485,1,1,0,1,4.87263238246267
355,1.11613661549039,1.03654800994122,-0.162483131902855,1,1,1,1,9.87255226636919
356,-0.975926692821885,-1.08914519088452,0.457786957944971,0,0,0,0,2.57442144663638
357,-0.0711267337208945,1.77910266685145,0.535137960496205,1,0,1,0,2.20667003796623
358,-0.371944875163495,-1.02554224849711,-0.582401674605252,0,0,0,0,1.10399524731378
359,0.342888392897331,-0.450934647056651,0.51423012023069,0,1,0,0,0.588614835843791
360,-0.334338052169782,-0.105559908794475,-0.730509672807828,0,1,1,0,2.6281023208517
361,1.9050435849087,0.332621731470394,0.230633640499451,1,1,0,1,4.29356528556048
362,-1.69186241488407,0.659791899549327,-1.02362358887971,0,0,0,0,0.817920402269741
363,-0.891521574354298,0.918341171021649,-0.45270064650823,1,1,1,0,2.84575548781348
364,-1.74837228000318,1.76990410988936,-2.37740692539252,1,1,0,0,3.07858822982754
365,0.572811529859585,1.01724924908461,-0.630967866660535,1,0,0,0,1.33027972838358
366,0.444287051411554,0.439130388388555,1.04062315291451,1,1,0,0,2.38430859772282
367,0.484099387952522,-0.244883779092525,0.915992057940211,0,1,1,0,2.38169091449423
368,0.800622356509766,-0.936569034135793,-1.40078743399573,0,1,0,0,0.932774186302975
369,0.160277539993178,-0.273962374775183,-0.985539112562296,0,1,0,0,2.59107006481809
370,0.0839306795150329,-1.31999652648691,0.161226351326199,1,1,1,1,5.84893459394972
371,-0.62492838754192,0.957164274192481,2.42448914116153,0,1,0,1,5.27541365923727
372,-0.915979243686792,1.05766417094298,0.825149727768283,0,0,0,0,0.442878414700714
373,-0.0701942243053587,-0.453646374057015,1.57530770683748,1,1,1,1,7.60975856802562
374,-2.00545781823625,-0.643194791593663,-1.43684344365778,1,0,0,0,-1.77168605448981
375,1.39531343894608,-0.190703432644857,-0.524671199469671,1,0,1,0,1.69757840893182
376,3.18404447406633,-0.0500372678876282,-0.443749311866524,0,1,1,0,3.53333331699748
377,0.299865250136145,-1.56842462075497,0.490302642672068,0,0,0,0,1.33120956381547
378,-0.0961632010799668,0.468525122530146,-0.982370635937854,1,1,0,0,2.67417012650638
379,-1.02298384214794,-0.693414663276185,-0.767989573092782,0,0,0,0,-0.0222913661380761
380,1.29904996668359,1.57914556180809,-0.156891953039067,1,0,1,0,0.964929512154697
381,-0.35893656058468,-0.329038830421669,0.0692364778530165,1,1,0,0,1.18882114592706
382,0.0969042337010548,0.29003438776557,-0.746678941046256,0,0,0,0,0.689730853793202
383,-0.846896388820319,1.19707766374608,-0.548627361103323,0,0,0,1,2.57726328113452
384,0.303045695225451,-0.056970533803332,-0.957849392150669,0,1,0,0,1.87828792493553
385,0.591061909411507,0.173104873492955,1.39978335621251,1,0,0,0,1.38098591194466
386,0.117459584626988,-0.331545758200853,0.278294913305364,1,1,1,1,7.06280497626654
387,-1.18559164903534,-0.835894053393597,0.510273251139431,1,0,0,0,0.699231100523516
388,-0.333120901223949,-0.0659609463524635,-0.11522170942195,0,0,0,0,0.942843761503898
389,-0.650512618774529,-2.01868865908242,0.348834970176592,0,0,0,0,2.01829520591881
390,0.761639507646859,-1.28871623535013,1.48240271845861,0,1,0,1,1.68690485750974
391,0.385154823687235,1.34164029499387,-0.957170471242288,0,0,1,1,3.9673305833309
392,0.166781288354251,-0.100013958938808,0.768507431881776,1,1,0,1,4.06549940705805
393,-0.575859567912693,-0.0100976719524611,-1.77865914874394,0,0,0,0,-0.867010191749059
394,-0.7776214428705,0.12503388366511,-0.706321492388223,0,0,0,0,-0.224890536663257
395,-0.04356948581148,-0.46792597392522,0.60693013616149,1,1,1,1,7.42160179099876
396,1.16848830874956,-0.822501412807523,-0.307036558594728,0,0,0,0,1.43577868794461
397,1.43976125836974,-2.19892325418371,-0.319837791740735,0,0,0,0,1.8988185221123
398,2.06470428414334,2.19359006906425,0.156595323350149,1,1,1,1,7.72149338655601
399,-0.863608950613638,0.165457419490438,-0.65277439594702,0,1,0,0,2.35182440068476
400,1.45281728229148,-0.806482655703046,0.372911595208748,1,1,1,1,6.5633541664553
401,0.619850074568692,-0.757510160695849,0.851524681506183,1,1,0,0,0.963341896697524
402,-0.747929970916306,0.63023982965398,1.09666163310355,1,1,0,0,0.672891234827143
403,-0.988442922383206,1.1079950409796,-0.489532871212412,0,1,0,1,3.22132006361899
404,0.294353388436968,0.20183747228877,-0.427196386338202,1,1,1,0,4.1202997447857
405,0.268102869997785,-1.23043092542384,-0.136136872184964,0,0,0,0,0.623953885147712
406,0.825790831665171,-2.17412464922931,-1.48792618735825,0,0,0,0,0.072179595701069
407,-1.16193755759697,-1.58908969414543,0.419583039296359,1,0,0,0,2.26492868092899
408,-0.992928349756011,-2.16454708532897,-0.63756876508045,0,1,0,0,1.55254782314062
409,-0.390635251474806,0.85678547377811,-1.10375213599883,1,1,1,0,2.65368816664004
410,1.1612892557387,0.398362715628605,0.362352157635545,1,0,1,0,1.23875620573234
411,-0.852525670314502,1.95366787989804,-0.164270832097155,1,1,1,1,8.49478668955321
412,-1.82489758417833,-0.203856471392496,-1.93444407073205,0,0,0,0,0.674413764146039
413,-0.310510115786673,-0.422227003189619,0.68182969040341,0,1,0,0,0.677635767825418
414,1.00949618573749,-0.726104964901155,0.806108868375026,0,1,0,0,1.84007159166797
415,1.42432310966876,-0.784144004842646,-0.652404366499333,1,1,1,1,5.17403524447424
416,0.650778363153682,0.183047969943935,0.548774960444283,1,0,1,0,1.84401757488044
417,1.40468429454756,0.387083119576395,1.05170127017537,0,1,0,1,3.27082613252462
418,0.622905462337194,0.433620389808855,0.386084438184412,1,1,1,1,7.449665828398
419,1.29132330445808,-1.00225987371065,-1.10518272915749,1,1,1,1,5.73562253298523
420,0.591946003397209,-0.119689664133114,0.0740052116849605,1,0,0,0,2.33741392681863
421,0.741277377171399,0.753295047849076,-0.262670503361778,1,1,1,1,8.63852098304617
422,-0.312543868997102,0.0735986090078693,1.06301778929474,0,1,0,0,0.44422838093473
423,0.426020486679004,1.43300751082319,-0.00763687041997194,0,0,0,0,1.22851701218656
424,1.12566760522075,0.883002311017247,0.61208346090007,1,1,0,1,5.11663220981454
425,0.414700706778464,-0.279882397142518,-0.109037509169232,1,1,1,1,8.06948960495446
426,0.229395495708467,0.0488888906792862,0.94322446838622,1,1,0,0,2.14439006880439
427,-0.109317123186431,-0.0703769215878276,-0.484319087565665,1,1,1,1,6.17298231024544
428,-0.138336328543328,-0.0687656423038444,-2.31373577389942,0,0,0,0,0.781398951095324
429,-1.36483169721432,-0.072486909951959,-0.265283774864499,0,0,0,0,-1.29673168451706
430,-1.20086932820744,-1.99153817604302,-0.354369219913427,0,1,0,0,-0.543160974972809
431,0.653495765694276,1.77323863192756,-0.0384567937093384,1,0,0,0,2.50762223420631
432,1.49318484062772,0.0830221576359683,0.11553210425956,1,0,0,0,-0.125514042170658
433,0.324825313348747,-0.870577245260919,-0.0517182128948834,0,1,0,0,-0.134375512614162
434,0.908447698792251,-0.749725786852189,-0.321606069887961,1,0,0,1,1.9227929314227
435,-1.14777075045925,0.354352196449355,0.424799782389022,0,0,0,0,0.615500835750113
436,0.648347351224082,-1.2198100315169,0.107235034754764,0,1,0,0,-0.657849214933059
437,-0.944057691649846,-0.000384648716023502,1.34262392000608,0,1,0,1,2.7984149498373
438,-0.503525286934276,0.716683320938825,-0.749668584083695,1,0,0,0,0.058576256853959
439,-0.478528210450305,0.438721750586617,-0.679112270457868,0,1,1,0,1.8811859474671
440,-1.70296483514544,1.26516843521333,0.360357237879846,0,1,0,0,0.986111869952098
441,-0.58363944056009,-1.9940787873306,1.9022097713993,1,1,0,0,2.94558045802212
442,3.39037082127154,0.207480407355457,0.849806647511189,1,1,1,1,8.12854507545712
443,1.22456031207416,-0.701804433538609,-0.35119622955654,0,1,1,0,2.10401391818305
444,-1.7271210366452,-0.736578232271872,0.622409782886114,0,0,0,0,2.24301599830013
445,-0.29071598924087,-0.214211534183077,-0.112559551502516,0,0,0,1,2.23382057454401
446,-1.8636669824956,0.83762993423167,-1.44349288893542,0,0,0,0,1.07133678140525
447,-0.208570162415648,-0.43856346205883,-0.218593816856198,0,1,0,0,1.48131608595046
448,1.45996594473579,-0.58205991791537,-0.783097595711896,1,0,0,0,1.79283443632512
449,-1.51965399494385,-0.805698081611249,-1.16618470736774,0,0,0,0,1.55500510755875
450,0.407946196248296,-0.863004246007877,0.304042035028136,0,0,0,0,0.909127631570345
451,-0.146427487847921,-1.4335621799108,-0.790607785722698,0,1,0,0,0.912762241095196
452,0.885112455057677,0.903076085954568,2.00557327430063,1,0,0,0,4.01794506376253
453,-0.00358030839978085,-1.49582681398214,-0.768417027015159,0,0,0,0,-0.03713920933623
454,0.408488504840148,1.90013633489472,0.110009123439723,1,1,1,1,9.03183197497105
455,1.14038682512847,0.768081304692261,-1.16809162211733,1,1,1,1,6.75847502394455
456,-0.171112652264859,1.30526153634768,0.876096109595914,1,1,0,1,5.95964412104966
457,0.463796141567798,0.477114245376879,-0.491405300209402,1,1,0,1,3.23426501325655
458,-1.3193853133442,1.29542579083131,-1.42021949166693,0,0,0,0,-0.137300521453727
459,-0.93889591970583,0.62896499251984,-1.2621945493896,0,1,0,1,2.8848646809713
460,-0.551870413272792,-1.18279950678248,0.62066355772895,0,0,0,0,1.71583213726002
461,0.446313016638096,0.421884693273688,0.442464772145637,0,1,0,1,3.04478387800398
462,0.557245746378939,0.639356491970517,-1.96866155667422,1,1,1,0,3.90055081749665
463,-0.148816361359868,0.112463812551901,0.72467620264776,1,0,0,0,1.59577365139258
464,-1.18748607600528,-0.499600189815913,-1.07364299075116,0,0,0,0,2.43744287752968
465,1.05724021270968,1.27907258320933,0.787676725359233,1,1,0,1,3.06601079783943
466,-1.22240338257699,0.451952116736654,1.15044918638092,0,1,1,0,1.29863380111046
467,0.167940980736459,-0.56610933289597,-1.08611824061135,1,0,0,0,-0.411036694858812
468,-0.665302795560156,0.714848355949339,-0.431661100381928,0,0,0,0,1.87531185810806
469,0.227614939940088,1.2949457956703,0.578334940469455,1,0,1,0,2.42413261920112
470,1.36467278147354,-1.70157980266041,-0.280676279713792,0,0,0,0,0.731895719844946
471,0.0650680194921931,0.578589291608515,-1.16920662152897,0,0,0,1,3.66579041997456
472,0.806184855447289,0.307390076162333,0.263806013604717,1,0,0,0,0.928965289656681
473,0.508484791605046,-0.116358439876994,0.925546098499114,0,1,0,1,4.51743511832195
474,0.64822977373149,-0.150209374167699,1.0403770193407,0,0,0,1,0.934555306864432
475,0.292558684946182,0.668751399439465,-0.594177641624221,1,0,0,0,2.5999289229245
476,1.58043183698592,-0.0039889443499837,0.847842768893476,1,1,1,1,8.06520775618061
477,-0.100116525892691,-0.279629906980599,0.784438245280006,1,1,0,1,3.50189132025628
478,-1.58461664459117,0.47836614779403,0.393566372994815,0,1,0,0,0.867802081882238
479,-2.69532936912452,0.368377328533257,-2.16841774734701,0,1,0,0,1.53377942479604
480,0.65980437689272,-0.45391373338119,-0.694936825234894,1,0,0,0,2.79445182172987
481,-0.00684630317266509,1.37305204498399,-0.635323077217894,1,1,1,0,2.28496251110937
482,0.558103293948777,0.341157868421877,-1.17951862914156,1,1,1,1,10.5584271336669
483,-1.74102201733397,-1.99258577123914,0.551274211467889,0,1,0,0,3.06635123382904
484,-0.0347420615312984,1.85057170361062,0.573675108263045,1,1,0,1,3.8089876707768
485,0.849695891082609,1.33438358533495,-0.500719097964974,1,1,1,1,7.51202891847804
486,0.510097928228489,0.868793270244154,1.36935168800303,1,0,0,0,1.15097843574731
487,0.762651146326369,0.421147173037333,-0.868224047271223,0,1,0,1,2.17756346384469
488,0.729560360957693,0.500265872418287,0.634250253706911,0,1,0,0,2.35667961228347
489,0.423645045572256,-0.201838044710004,-0.0768658984340142,0,1,0,0,1.33577263070689
490,0.687364113281517,0.17163150692454,-0.830108574326988,0,1,0,0,1.39846633802981
491,-0.290159119805667,-1.31912572417651,-0.967031902668912,0,0,0,0,1.9027256649881
492,-0.144611070135517,-1.79813255637493,-1.68854247459158,0,0,0,0,-2.01584873536228
493,1.10256519943608,-0.57661892421144,-1.85169172955149,0,0,0,1,1.21211125692456
494,-0.112863239428975,1.32106926722151,0.662254296934641,0,0,0,0,1.56266491479352
495,0.441383198353637,1.18374591227984,-0.771501441100894,1,0,0,0,0.607776312337275
496,0.729689191352037,-0.58708561577886,0.000764186362514016,0,1,0,0,2.29302424643406
497,2.21446531934013,0.969434395709261,0.768007713717215,0,1,1,0,2.63816772302883
498,-1.10832791181816,-0.786235919994713,2.2841164802616,0,0,0,0,0.657926466501878
499,-1.09330076397331,0.214479375285073,0.892571059637072,0,1,0,0,2.39208632042084
500,1.01875797234226,1.08911201091924,-0.163128989885215,1,1,1,1,8.46915137904349
